[
    {
        "model": "sessions.session",
        "pk": "2hngjbpnn9t7u8tbsy5fsrd4p3wgnsol",
        "fields": {
            "session_data": ".eJxVjM0OwiAQhN-FsyGUH1k8evcZyLJLpWpoUtqT8d2lSQ96m8z3zbxFxG0tcWt5iROLi9Di9NslpGeuO-AH1vssaa7rMiW5K_KgTd5mzq_r4f4dFGylr5U5ZzWOYJCdImsG0DCQ9xosWeAMwQZFiNBTj85rAuWVTtqExOzE5wvDoTb6:1sUKDa:1bWxUo2zNVGAS0szBQoNP14mjIo0_562LZumXKI811c",
            "expire_date": "2024-08-01"
        }
    },
    {
        "model": "sessions.session",
        "pk": "32i2m1vmriqsvfvdep9hg6zwcasscaoj",
        "fields": {
            "session_data": "e30:1sYOYi:QUsrle3fPd6uvPMCcNSfvOCCEoflfRndamlK7kGGUug",
            "expire_date": "2024-08-12"
        }
    },
    {
        "model": "sessions.session",
        "pk": "3t2lp0jcnve5bjn9nmhp0sd1apcmu21g",
        "fields": {
            "session_data": ".eJxVjM0OwiAQhN-FsyGUH1k8evcZyLJLpWpoUtqT8d2lSQ96m8z3zbxFxG0tcWt5iROLi9Di9NslpGeuO-AH1vssaa7rMiW5K_KgTd5mzq_r4f4dFGylr5U5ZzWOYJCdImsG0DCQ9xosWeAMwQZFiNBTj85rAuWVTtqExOzE5wvDoTb6:1sLO93:W_SgyQfdd4-RtNGRQI-Dc-KHAm-bsJGDzNkn7IJgQ7Q",
            "expire_date": "2024-07-07"
        }
    },
    {
        "model": "sessions.session",
        "pk": "65w95i9tjbtkhx3113fynx4ahm52dlzs",
        "fields": {
            "session_data": ".eJxVjDsOwjAQRO_iGln-Ba8p6TmDtd51cADZUpxUiLuTSCmgG817M28RcV1KXHue48TiIrQ4_XYJ6ZnrDviB9d4ktbrMU5K7Ig_a5a1xfl0P9--gYC_bWtlzVuMIFnlQ5KwGA5q8N-DIAWcILihChC1tcfCGQHllkrEhMQ_i8wXDCDb5:1sNXjG:kBb4IDzHm4JY_RSPs0V7wqR4BVawVhVGRFPyJez7czU",
            "expire_date": "2024-07-13"
        }
    },
    {
        "model": "sessions.session",
        "pk": "6axrhf3kodcafxvm9uo6iac16asjwsqk",
        "fields": {
            "session_data": ".eJxVjM0OwiAQhN-FsyGUH1k8evcZyLJLpWpoUtqT8d2lSQ96m8z3zbxFxG0tcWt5iROLi9Di9NslpGeuO-AH1vssaa7rMiW5K_KgTd5mzq_r4f4dFGylr5U5ZzWOYJCdImsG0DCQ9xosWeAMwQZFiNBTj85rAuWVTtqExOzE5wvDoTb6:1sWcQz:BxgiD0Inn_ttmP2fCLlKNBWpK4J1ondm59yzJp3YMoQ",
            "expire_date": "2024-08-07"
        }
    },
    {
        "model": "sessions.session",
        "pk": "6b17az3bi7b4ui510f7re1tq96lerffq",
        "fields": {
            "session_data": "e30:1sYOIX:3e6O3mfnT3FFt9n0-zHMZOTdRox3_LESjCLisVww19s",
            "expire_date": "2024-08-12"
        }
    },
    {
        "model": "sessions.session",
        "pk": "6nh9dyezraexf5bn2589lmnfhyb3agdp",
        "fields": {
            "session_data": ".eJxVjM0OwiAQhN-FsyGUH1k8evcZyLJLpWpoUtqT8d2lSQ96m8z3zbxFxG0tcWt5iROLi9Di9NslpGeuO-AH1vssaa7rMiW5K_KgTd5mzq_r4f4dFGylr5U5ZzWOYJCdImsG0DCQ9xosWeAMwQZFiNBTj85rAuWVTtqExOzE5wvDoTb6:1sV4Ze:a1CFUUrtzHaDtuBSFV0lJw7aDj3UE02crJETa3kunAU",
            "expire_date": "2024-08-03"
        }
    },
    {
        "model": "sessions.session",
        "pk": "b7ngo6e85ix8wukfkvjv8pcfbgjnro5s",
        "fields": {
            "session_data": ".eJxVjMEOwiAQRP-FsyF0u6Xo0bvfQBbYlaqhSWlPxn-XJj3oaSbzZuatPG1r9lvlxU9JXdSgTr9ZoPjksoP0oHKfdZzLukxB7xV90Kpvc-LX9ej-HWSqua0tkHWAdG7SITvDiNx3QjwEGaUHEw2yNQwjUTPRIYELIoAgAKI-X9xQN_s:1sgoZC:3aReRHoY01HqR3FR45gJwSLU1ByGX4d4DLsqfwEWW00",
            "expire_date": "2024-09-04"
        }
    },
    {
        "model": "sessions.session",
        "pk": "eqejywbh0sq8394crfc76cq9mqrub5db",
        "fields": {
            "session_data": ".eJxVjM0OwiAQhN-FsyGUH1k8evcZyLJLpWpoUtqT8d2lSQ96m8z3zbxFxG0tcWt5iROLi9Di9NslpGeuO-AH1vssaa7rMiW5K_KgTd5mzq_r4f4dFGylr5U5ZzWOYJCdImsG0DCQ9xosWeAMwQZFiNBTj85rAuWVTtqExOzE5wvDoTb6:1sWKK2:rbX5qgmYyuvoN0U7puVzoNPynPJoGXTfibYP1ZgqmOU",
            "expire_date": "2024-08-06"
        }
    },
    {
        "model": "sessions.session",
        "pk": "g7tqtpa5hch4kk050640q52k9ejcbeo4",
        "fields": {
            "session_data": "e30:1sYOgh:vtSNCUwuR7Lksl4cnCRv5XpL9vOsDIoFqSd61AZHUZE",
            "expire_date": "2024-08-12"
        }
    },
    {
        "model": "sessions.session",
        "pk": "gkzv32zotkf1h86jxeuhjcvnwilu87hm",
        "fields": {
            "session_data": "e30:1sZWsM:rraalI3oS2mGDCyCXxvzU69EdKZ1zzDq6F1kaiBN9u8",
            "expire_date": "2024-08-15"
        }
    },
    {
        "model": "sessions.session",
        "pk": "igatl4dlq9layz6tzaed7w2rm3lo1paz",
        "fields": {
            "session_data": "e30:1sYOYC:LtWLnqpOcuB4zmeroJLxpj_sd9O9OseQ4jkZZHtEKlU",
            "expire_date": "2024-08-12"
        }
    },
    {
        "model": "sessions.session",
        "pk": "k2xnzqssvdvtgjp2q18jkatnjtccj2yq",
        "fields": {
            "session_data": "e30:1sYOTl:Gn-yE3qtyw22gawnUf0fpDAj6mMR3E3VO-6NrZMPbzM",
            "expire_date": "2024-08-12"
        }
    },
    {
        "model": "sessions.session",
        "pk": "lkremfvslpjeh2msd7r4nbzczgaaknmy",
        "fields": {
            "session_data": "e30:1sYOPM:vlAaupctZS4L7C9N1RDevzqD85MlkmJUOKUdtRvVqFg",
            "expire_date": "2024-08-12"
        }
    },
    {
        "model": "sessions.session",
        "pk": "mbdi5wtczginc2qmgm7nzadlv93yrmlc",
        "fields": {
            "session_data": "e30:1sYOS5:4-W07XJ1xqX3F_tAPsw4d6CRDaqM44RHUlOHKxdKmwM",
            "expire_date": "2024-08-12"
        }
    },
    {
        "model": "sessions.session",
        "pk": "xqsuqrerl6kx0umxwcxne1620j424ta4",
        "fields": {
            "session_data": ".eJxVjDsOwjAQRO_iGln-Ba8p6TmDtd51cADZUpxUiLuTSCmgG817M28RcV1KXHue48TiIrQ4_XYJ6ZnrDviB9d4ktbrMU5K7Ig_a5a1xfl0P9--gYC_bWtlzVuMIFnlQ5KwGA5q8N-DIAWcILihChC1tcfCGQHllkrEhMQ_i8wXDCDb5:1sWciZ:BqMcHalhUB_yMgGW41AszT_ixnAsOdW2T3siq2AsrZE",
            "expire_date": "2024-08-07"
        }
    },
    {
        "model": "home.post",
        "pk": 1,
        "fields": {
            "post_id": "f27221d8-f18d-442a-ae3f-f07e1977914d",
            "caption": "hello!!\ud83d\ude03",
            "user": 2,
            "created_at": "2024-06-22",
            "updated_at": "2024-06-22",
            "is_trending": false,
            "tags": []
        }
    },
    {
        "model": "home.post",
        "pk": 2,
        "fields": {
            "post_id": "e5e9727f-b690-443e-a990-55bfca37bd67",
            "caption": "hello!!!\ud83d\ude00",
            "user": 2,
            "created_at": "2024-06-22",
            "updated_at": "2024-06-22",
            "is_trending": false,
            "tags": []
        }
    },
    {
        "model": "home.post",
        "pk": 3,
        "fields": {
            "post_id": "7c72ee6c-4c98-429a-8902-9949afaae830",
            "caption": "this is another post\ud83d\ude01",
            "user": 2,
            "created_at": "2024-06-22",
            "updated_at": "2024-06-22",
            "is_trending": false,
            "tags": []
        }
    },
    {
        "model": "home.post",
        "pk": 4,
        "fields": {
            "post_id": "e9669e13-65ea-4d60-9a4e-c9f50007c44a",
            "caption": "hello world!!!",
            "user": 2,
            "created_at": "2024-06-22",
            "updated_at": "2024-06-22",
            "is_trending": false,
            "tags": []
        }
    },
    {
        "model": "home.post",
        "pk": 5,
        "fields": {
            "post_id": "ddaa19b0-f198-4654-980d-a34f021f6c94",
            "caption": "hey this is another post",
            "user": 2,
            "created_at": "2024-06-22",
            "updated_at": "2024-06-22",
            "is_trending": false,
            "tags": []
        }
    },
    {
        "model": "home.post",
        "pk": 6,
        "fields": {
            "post_id": "502afbd1-1bd8-44fa-9cc8-a8fc2a9e58dd",
            "caption": "this is a loooooooooooooooooooooooooooooooooooooooooooooooooooooooooooooooooooooon post.... its very very looooooooooong\ud83d\ude05\ud83d\ude05",
            "user": 2,
            "created_at": "2024-06-23",
            "updated_at": "2024-06-23",
            "is_trending": false,
            "tags": []
        }
    },
    {
        "model": "home.post",
        "pk": 7,
        "fields": {
            "post_id": "de1cde65-44d8-4e06-a085-0b2e0c73423c",
            "caption": "hello @kashmira !!!",
            "user": 1,
            "created_at": "2024-07-01",
            "updated_at": "2024-07-01",
            "is_trending": false,
            "tags": []
        }
    },
    {
        "model": "home.post",
        "pk": 8,
        "fields": {
            "post_id": "072f1e03-601d-4cec-9c89-de08d15c84bf",
            "caption": "this is a new post!!",
            "user": 1,
            "created_at": "2024-07-02",
            "updated_at": "2024-07-02",
            "is_trending": false,
            "tags": []
        }
    },
    {
        "model": "home.post",
        "pk": 9,
        "fields": {
            "post_id": "2d57656e-8d2a-4f76-852e-337ca28ef1be",
            "caption": "there's nothing in my mind\ud83d\ude01",
            "user": 1,
            "created_at": "2024-07-05",
            "updated_at": "2024-07-05",
            "is_trending": false,
            "tags": []
        }
    },
    {
        "model": "home.post",
        "pk": 10,
        "fields": {
            "post_id": "82fc3f7c-cd48-4003-986d-09420503f82a",
            "caption": "this a post with tags \ud83d\ude43",
            "user": 1,
            "created_at": "2024-07-05",
            "updated_at": "2024-07-05",
            "is_trending": false,
            "tags": []
        }
    },
    {
        "model": "home.post",
        "pk": 11,
        "fields": {
            "post_id": "72189a9e-03d7-448f-8d9f-ad1ea08172d8",
            "caption": "this a post with tags \ud83d\ude43",
            "user": 1,
            "created_at": "2024-07-05",
            "updated_at": "2024-07-05",
            "is_trending": false,
            "tags": [
                1,
                2
            ]
        }
    },
    {
        "model": "home.post",
        "pk": 12,
        "fields": {
            "post_id": "69556e6d-4952-4795-8c3b-113853d67768",
            "caption": "This is a new, post created in a gmeet @sagnify ",
            "user": 1,
            "created_at": "2024-07-07",
            "updated_at": "2024-07-07",
            "is_trending": false,
            "tags": []
        }
    },
    {
        "model": "home.post",
        "pk": 13,
        "fields": {
            "post_id": "ab7369c0-889f-487c-a0e7-20b2678434cc",
            "caption": "this post is for notifications test-1",
            "user": 1,
            "created_at": "2024-07-10",
            "updated_at": "2024-07-10",
            "is_trending": false,
            "tags": []
        }
    },
    {
        "model": "home.post",
        "pk": 14,
        "fields": {
            "post_id": "1ae07643-9b68-4b9c-8ab4-0dc8a4daadff",
            "caption": "this is a test two for notification-2",
            "user": 1,
            "created_at": "2024-07-11",
            "updated_at": "2024-07-11",
            "is_trending": false,
            "tags": []
        }
    },
    {
        "model": "home.post",
        "pk": 15,
        "fields": {
            "post_id": "0b026657-5da3-47d4-bc8f-08748b3860dc",
            "caption": "another try for notification",
            "user": 1,
            "created_at": "2024-07-11",
            "updated_at": "2024-07-11",
            "is_trending": false,
            "tags": []
        }
    },
    {
        "model": "home.post",
        "pk": 16,
        "fields": {
            "post_id": "6c73264a-157b-4c10-aa6f-c22fe6af51f1",
            "caption": "another post for notification",
            "user": 1,
            "created_at": "2024-07-11",
            "updated_at": "2024-07-11",
            "is_trending": false,
            "tags": []
        }
    },
    {
        "model": "home.post",
        "pk": 17,
        "fields": {
            "post_id": "c95b865a-ca77-4098-8b82-ba66d79405ce",
            "caption": "this is MR Einestein",
            "user": 1,
            "created_at": "2024-07-20",
            "updated_at": "2024-07-20",
            "is_trending": false,
            "tags": []
        }
    },
    {
        "model": "home.post",
        "pk": 18,
        "fields": {
            "post_id": "422b4fa4-fc9e-433b-89d7-9c2cca18390e",
            "caption": "this is another post with images",
            "user": 1,
            "created_at": "2024-07-20",
            "updated_at": "2024-07-20",
            "is_trending": false,
            "tags": []
        }
    },
    {
        "model": "home.post",
        "pk": 19,
        "fields": {
            "post_id": "a88bfb87-a744-4a60-bad8-02d27811c6f5",
            "caption": "this  is a post with a #hashtag ",
            "user": 1,
            "created_at": "2024-08-05",
            "updated_at": "2024-08-05",
            "is_trending": false,
            "tags": [
                3
            ]
        }
    },
    {
        "model": "home.post",
        "pk": 20,
        "fields": {
            "post_id": "45e5f0a2-c4c8-4b1f-a61b-013c9a12d912",
            "caption": "@kashmira #trending ",
            "user": 1,
            "created_at": "2024-08-12",
            "updated_at": "2024-08-12",
            "is_trending": false,
            "tags": [
                4
            ]
        }
    },
    {
        "model": "home.post",
        "pk": 21,
        "fields": {
            "post_id": "280ba302-7e6a-486f-8a2e-dec39e04bc30",
            "caption": "@sagnify hello!!! @kashmira \ud83d\ude03\ud83d\ude03\r\n\r\n\r\n#new_Post ",
            "user": 1,
            "created_at": "2024-08-20",
            "updated_at": "2024-08-20",
            "is_trending": false,
            "tags": []
        }
    },
    {
        "model": "home.post",
        "pk": 22,
        "fields": {
            "post_id": "40cf979e-cfa6-4c53-8439-8db9b0cac1d0",
            "caption": "#new_Post #another_tag #image_post",
            "user": 1,
            "created_at": "2024-08-20",
            "updated_at": "2024-08-20",
            "is_trending": false,
            "tags": [
                5,
                6,
                7
            ]
        }
    },
    {
        "model": "home.postimage",
        "pk": 1,
        "fields": {
            "post": 18,
            "url": "https://storage.googleapis.com/social-app-50633.appspot.com/posts/29239-374487176_tiny.jpg"
        }
    },
    {
        "model": "home.postimage",
        "pk": 2,
        "fields": {
            "post": 18,
            "url": "https://storage.googleapis.com/social-app-50633.appspot.com/posts/eins.jpg"
        }
    },
    {
        "model": "home.postimage",
        "pk": 3,
        "fields": {
            "post": 21,
            "url": "https://storage.googleapis.com/social-app-50633.appspot.com/posts/Screenshot%202024-08-08%20221423.png"
        }
    },
    {
        "model": "home.postimage",
        "pk": 4,
        "fields": {
            "post": 21,
            "url": "https://storage.googleapis.com/social-app-50633.appspot.com/posts/Screenshot%202024-08-08%20190642.png"
        }
    },
    {
        "model": "home.postimage",
        "pk": 5,
        "fields": {
            "post": 21,
            "url": "https://storage.googleapis.com/social-app-50633.appspot.com/posts/Screenshot%202024-08-08%20190612.png"
        }
    },
    {
        "model": "home.postimage",
        "pk": 6,
        "fields": {
            "post": 22,
            "url": "https://storage.googleapis.com/social-app-50633.appspot.com/posts/1957791ae4db444695d8ad119242cd48.png"
        }
    },
    {
        "model": "home.postimage",
        "pk": 7,
        "fields": {
            "post": 22,
            "url": "https://storage.googleapis.com/social-app-50633.appspot.com/posts/357bb3cc58b64bf0bdd464db50d21cee.png"
        }
    },
    {
        "model": "home.tag",
        "pk": 1,
        "fields": {
            "name": "new post"
        }
    },
    {
        "model": "home.tag",
        "pk": 2,
        "fields": {
            "name": "random"
        }
    },
    {
        "model": "home.tag",
        "pk": 3,
        "fields": {
            "name": "hashtag"
        }
    },
    {
        "model": "home.tag",
        "pk": 4,
        "fields": {
            "name": "trending"
        }
    },
    {
        "model": "home.tag",
        "pk": 5,
        "fields": {
            "name": "new_Post"
        }
    },
    {
        "model": "home.tag",
        "pk": 6,
        "fields": {
            "name": "another_tag"
        }
    },
    {
        "model": "home.tag",
        "pk": 7,
        "fields": {
            "name": "image_post"
        }
    },
    {
        "model": "home.like",
        "pk": 11,
        "fields": {
            "post": 1,
            "user": 2,
            "created_at": "2024-06-28"
        }
    },
    {
        "model": "home.like",
        "pk": 12,
        "fields": {
            "post": 4,
            "user": 2,
            "created_at": "2024-06-28"
        }
    },
    {
        "model": "home.like",
        "pk": 13,
        "fields": {
            "post": 6,
            "user": 2,
            "created_at": "2024-06-28"
        }
    },
    {
        "model": "home.like",
        "pk": 14,
        "fields": {
            "post": 2,
            "user": 2,
            "created_at": "2024-06-28"
        }
    },
    {
        "model": "home.like",
        "pk": 18,
        "fields": {
            "post": 2,
            "user": 1,
            "created_at": "2024-07-01"
        }
    },
    {
        "model": "home.like",
        "pk": 19,
        "fields": {
            "post": 4,
            "user": 1,
            "created_at": "2024-07-01"
        }
    },
    {
        "model": "home.like",
        "pk": 20,
        "fields": {
            "post": 3,
            "user": 1,
            "created_at": "2024-07-01"
        }
    },
    {
        "model": "home.like",
        "pk": 21,
        "fields": {
            "post": 7,
            "user": 1,
            "created_at": "2024-07-02"
        }
    },
    {
        "model": "home.like",
        "pk": 22,
        "fields": {
            "post": 8,
            "user": 1,
            "created_at": "2024-07-02"
        }
    },
    {
        "model": "home.like",
        "pk": 23,
        "fields": {
            "post": 11,
            "user": 1,
            "created_at": "2024-07-07"
        }
    },
    {
        "model": "home.like",
        "pk": 24,
        "fields": {
            "post": 5,
            "user": 1,
            "created_at": "2024-07-11"
        }
    },
    {
        "model": "home.like",
        "pk": 26,
        "fields": {
            "post": 1,
            "user": 1,
            "created_at": "2024-07-11"
        }
    },
    {
        "model": "home.like",
        "pk": 27,
        "fields": {
            "post": 17,
            "user": 1,
            "created_at": "2024-07-21"
        }
    },
    {
        "model": "home.like",
        "pk": 28,
        "fields": {
            "post": 15,
            "user": 1,
            "created_at": "2024-07-21"
        }
    },
    {
        "model": "home.like",
        "pk": 29,
        "fields": {
            "post": 14,
            "user": 1,
            "created_at": "2024-07-21"
        }
    },
    {
        "model": "home.like",
        "pk": 30,
        "fields": {
            "post": 18,
            "user": 1,
            "created_at": "2024-07-22"
        }
    },
    {
        "model": "home.like",
        "pk": 35,
        "fields": {
            "post": 19,
            "user": 5,
            "created_at": "2024-08-09"
        }
    },
    {
        "model": "home.like",
        "pk": 36,
        "fields": {
            "post": 1,
            "user": 5,
            "created_at": "2024-08-09"
        }
    },
    {
        "model": "home.like",
        "pk": 37,
        "fields": {
            "post": 5,
            "user": 5,
            "created_at": "2024-08-09"
        }
    },
    {
        "model": "home.like",
        "pk": 38,
        "fields": {
            "post": 2,
            "user": 5,
            "created_at": "2024-08-09"
        }
    },
    {
        "model": "home.like",
        "pk": 39,
        "fields": {
            "post": 20,
            "user": 1,
            "created_at": "2024-08-12"
        }
    },
    {
        "model": "home.like",
        "pk": 40,
        "fields": {
            "post": 17,
            "user": 5,
            "created_at": "2024-08-21"
        }
    },
    {
        "model": "home.like",
        "pk": 41,
        "fields": {
            "post": 6,
            "user": 5,
            "created_at": "2024-08-21"
        }
    },
    {
        "model": "home.save",
        "pk": 3,
        "fields": {
            "user": 1,
            "post": 18,
            "created_at": "2024-07-22"
        }
    },
    {
        "model": "home.save",
        "pk": 6,
        "fields": {
            "user": 1,
            "post": 6,
            "created_at": "2024-07-22"
        }
    },
    {
        "model": "home.comment",
        "pk": 1,
        "fields": {
            "user": 2,
            "content": "hello-1",
            "created_at": "2024-06-24",
            "parent": null,
            "post": 1
        }
    },
    {
        "model": "home.comment",
        "pk": 2,
        "fields": {
            "user": 2,
            "content": "hello-2",
            "created_at": "2024-06-24",
            "parent": null,
            "post": 6
        }
    },
    {
        "model": "home.comment",
        "pk": 3,
        "fields": {
            "user": 2,
            "content": "hello-3",
            "created_at": "2024-06-24",
            "parent": null,
            "post": 4
        }
    },
    {
        "model": "home.comment",
        "pk": 4,
        "fields": {
            "user": 2,
            "content": "hello-4",
            "created_at": "2024-06-24",
            "parent": null,
            "post": 3
        }
    },
    {
        "model": "home.comment",
        "pk": 5,
        "fields": {
            "user": 2,
            "content": "hello-5",
            "created_at": "2024-06-24",
            "parent": null,
            "post": 2
        }
    },
    {
        "model": "home.comment",
        "pk": 6,
        "fields": {
            "user": 2,
            "content": "hello",
            "created_at": "2024-06-24",
            "parent": null,
            "post": 5
        }
    },
    {
        "model": "home.comment",
        "pk": 7,
        "fields": {
            "user": 2,
            "content": "hey, whats up?",
            "created_at": "2024-06-24",
            "parent": null,
            "post": 1
        }
    },
    {
        "model": "home.comment",
        "pk": 8,
        "fields": {
            "user": 2,
            "content": "yo guys!! welcome",
            "created_at": "2024-06-24",
            "parent": null,
            "post": 2
        }
    },
    {
        "model": "home.comment",
        "pk": 9,
        "fields": {
            "user": 2,
            "content": "hi!",
            "created_at": "2024-06-24",
            "parent": null,
            "post": 3
        }
    },
    {
        "model": "home.comment",
        "pk": 10,
        "fields": {
            "user": 2,
            "content": "going good brother",
            "created_at": "2024-06-25",
            "parent": null,
            "post": 1
        }
    },
    {
        "model": "home.comment",
        "pk": 11,
        "fields": {
            "user": 2,
            "content": "going good...",
            "created_at": "2024-06-25",
            "parent": 7,
            "post": 1
        }
    },
    {
        "model": "home.comment",
        "pk": 12,
        "fields": {
            "user": 2,
            "content": "hey",
            "created_at": "2024-06-25",
            "parent": 10,
            "post": 1
        }
    },
    {
        "model": "home.comment",
        "pk": 13,
        "fields": {
            "user": 2,
            "content": "what's up mann!!",
            "created_at": "2024-06-25",
            "parent": 12,
            "post": 1
        }
    },
    {
        "model": "home.comment",
        "pk": 14,
        "fields": {
            "user": 2,
            "content": "this is my first comment in the first post",
            "created_at": "2024-06-25",
            "parent": null,
            "post": 1
        }
    },
    {
        "model": "home.comment",
        "pk": 15,
        "fields": {
            "user": 2,
            "content": "hello",
            "created_at": "2024-06-25",
            "parent": null,
            "post": 3
        }
    },
    {
        "model": "home.comment",
        "pk": 16,
        "fields": {
            "user": 2,
            "content": "hey buddy!! what's up",
            "created_at": "2024-06-25",
            "parent": null,
            "post": 3
        }
    },
    {
        "model": "home.comment",
        "pk": 17,
        "fields": {
            "user": 2,
            "content": "heloooo-4 how are you?",
            "created_at": "2024-06-25",
            "parent": 4,
            "post": 3
        }
    },
    {
        "model": "home.comment",
        "pk": 18,
        "fields": {
            "user": 2,
            "content": "going good!!!",
            "created_at": "2024-06-25",
            "parent": 13,
            "post": 1
        }
    },
    {
        "model": "home.comment",
        "pk": 19,
        "fields": {
            "user": 2,
            "content": "hello boyyyy",
            "created_at": "2024-06-25",
            "parent": null,
            "post": 1
        }
    },
    {
        "model": "home.comment",
        "pk": 20,
        "fields": {
            "user": 2,
            "content": "hello brother",
            "created_at": "2024-06-25",
            "parent": null,
            "post": 1
        }
    },
    {
        "model": "home.comment",
        "pk": 22,
        "fields": {
            "user": 2,
            "content": "hey buddy",
            "created_at": "2024-06-25",
            "parent": null,
            "post": 1
        }
    },
    {
        "model": "home.comment",
        "pk": 26,
        "fields": {
            "user": 2,
            "content": "this is a reply to a comment...",
            "created_at": "2024-06-28",
            "parent": 14,
            "post": 1
        }
    },
    {
        "model": "home.comment",
        "pk": 27,
        "fields": {
            "user": 2,
            "content": "this is a second reply to hello-5",
            "created_at": "2024-06-28",
            "parent": 5,
            "post": 2
        }
    },
    {
        "model": "home.comment",
        "pk": 28,
        "fields": {
            "user": 2,
            "content": "yes going good",
            "created_at": "2024-06-28",
            "parent": 7,
            "post": 1
        }
    },
    {
        "model": "home.comment",
        "pk": 29,
        "fields": {
            "user": 2,
            "content": "yus going gud",
            "created_at": "2024-06-28",
            "parent": 7,
            "post": 1
        }
    },
    {
        "model": "home.comment",
        "pk": 30,
        "fields": {
            "user": 2,
            "content": "going good!!!",
            "created_at": "2024-06-28",
            "parent": 12,
            "post": 1
        }
    },
    {
        "model": "home.comment",
        "pk": 31,
        "fields": {
            "user": 2,
            "content": "hehe",
            "created_at": "2024-06-28",
            "parent": 12,
            "post": 1
        }
    },
    {
        "model": "home.comment",
        "pk": 32,
        "fields": {
            "user": 1,
            "content": "this is a reply to hello-1",
            "created_at": "2024-07-02",
            "parent": 1,
            "post": 1
        }
    },
    {
        "model": "home.comment",
        "pk": 33,
        "fields": {
            "user": 1,
            "content": "going good",
            "created_at": "2024-07-02",
            "parent": 16,
            "post": 3
        }
    },
    {
        "model": "home.comment",
        "pk": 34,
        "fields": {
            "user": 1,
            "content": "thank you!!!",
            "created_at": "2024-07-02",
            "parent": 8,
            "post": 2
        }
    },
    {
        "model": "home.comment",
        "pk": 35,
        "fields": {
            "user": 1,
            "content": "hello",
            "created_at": "2024-07-02",
            "parent": null,
            "post": 7
        }
    },
    {
        "model": "home.comment",
        "pk": 36,
        "fields": {
            "user": 1,
            "content": "hey",
            "created_at": "2024-07-02",
            "parent": 35,
            "post": 7
        }
    },
    {
        "model": "home.comment",
        "pk": 37,
        "fields": {
            "user": 1,
            "content": "this is another reply",
            "created_at": "2024-07-11",
            "parent": 1,
            "post": 1
        }
    },
    {
        "model": "home.notification",
        "pk": 1,
        "fields": {
            "user": 1,
            "created_at": "2024-07-10",
            "title": "New Post created successfully",
            "description": "View Post",
            "target_link": "/posts/",
            "icon": "fas fa-check-circle mr-1",
            "read": true
        }
    },
    {
        "model": "home.notification",
        "pk": 2,
        "fields": {
            "user": 1,
            "created_at": "2024-07-11",
            "title": "New Post created successfully",
            "description": "View Post",
            "target_link": "/posts/",
            "icon": "fas fa-check-circle mr-1",
            "read": true
        }
    },
    {
        "model": "home.notification",
        "pk": 3,
        "fields": {
            "user": 1,
            "created_at": "2024-07-11",
            "title": "New Post created successfully",
            "description": "View Post",
            "target_link": "/post/{new_post.post_id}/",
            "icon": "fas fa-check-circle mr-1",
            "read": true
        }
    },
    {
        "model": "home.notification",
        "pk": 4,
        "fields": {
            "user": 1,
            "created_at": "2024-07-11",
            "title": "New Post created successfully",
            "description": "View Post",
            "target_link": "/post/6c73264a-157b-4c10-aa6f-c22fe6af51f1/",
            "icon": "fas fa-check-circle mr-1",
            "read": true
        }
    },
    {
        "model": "home.notification",
        "pk": 5,
        "fields": {
            "user": 1,
            "created_at": "2024-07-20",
            "title": "New Post created successfully",
            "description": "View Post",
            "target_link": "/post/c95b865a-ca77-4098-8b82-ba66d79405ce/",
            "icon": "fas fa-check-circle mr-1",
            "read": true
        }
    },
    {
        "model": "home.notification",
        "pk": 6,
        "fields": {
            "user": 1,
            "created_at": "2024-07-20",
            "title": "New Post created successfully",
            "description": "View Post",
            "target_link": "/post/422b4fa4-fc9e-433b-89d7-9c2cca18390e/",
            "icon": "fas fa-check-circle mr-1",
            "read": true
        }
    },
    {
        "model": "home.notification",
        "pk": 7,
        "fields": {
            "user": 5,
            "created_at": "2024-08-04",
            "title": "Profile created successfully",
            "description": "View Profile",
            "target_link": "/p/@swagnik/",
            "icon": "fa-regular fa-user mr-1",
            "read": true
        }
    },
    {
        "model": "home.notification",
        "pk": 8,
        "fields": {
            "user": 1,
            "created_at": "2024-08-05",
            "title": "New Post created successfully",
            "description": "View Post",
            "target_link": "/post/a88bfb87-a744-4a60-bad8-02d27811c6f5/",
            "icon": "fas fa-check-circle mr-1",
            "read": true
        }
    },
    {
        "model": "home.notification",
        "pk": 9,
        "fields": {
            "user": 1,
            "created_at": "2024-08-12",
            "title": "New Post created successfully",
            "description": "View Post",
            "target_link": "/post/45e5f0a2-c4c8-4b1f-a61b-013c9a12d912/",
            "icon": "fas fa-check-circle mr-1",
            "read": true
        }
    },
    {
        "model": "home.notification",
        "pk": 10,
        "fields": {
            "user": 1,
            "created_at": "2024-08-20",
            "title": "New Post created successfully",
            "description": "View Post",
            "target_link": "/post/280ba302-7e6a-486f-8a2e-dec39e04bc30/",
            "icon": "fas fa-check-circle mr-1",
            "read": true
        }
    },
    {
        "model": "home.notification",
        "pk": 11,
        "fields": {
            "user": 1,
            "created_at": "2024-08-20",
            "title": "New Post created successfully",
            "description": "View Post",
            "target_link": "/post/40cf979e-cfa6-4c53-8439-8db9b0cac1d0/",
            "icon": "fas fa-check-circle mr-1",
            "read": true
        }
    },
    {
        "model": "authentication.user",
        "pk": 1,
        "fields": {
            "password": "pbkdf2_sha256$720000$UTZCCGhABxtFilhmZOYfYk$j0WKH6FnLSfOjnGgEZC5t8Sofkzqm2N8viVk6Dj/i/A=",
            "last_login": "2024-08-12",
            "username": "sagnify",
            "profile_picture_url": "https://storage.googleapis.com/social-app-50633.appspot.com/profile_pictures/sagnify_20240723233814.jpg",
            "email": "sagnify22@gmail.com",
            "created_at": "2024-05-25",
            "is_active": true,
            "is_staff": false
        }
    },
    {
        "model": "authentication.user",
        "pk": 2,
        "fields": {
            "password": "pbkdf2_sha256$720000$UTZCCGhABxtFilhmZOYfYk$j0WKH6FnLSfOjnGgEZC5t8Sofkzqm2N8viVk6Dj/i/A=",
            "last_login": "2024-08-01",
            "username": "kashmira",
            "profile_picture_url": "https://storage.googleapis.com/social-app-50633.appspot.com/profile_pictures/kashmira_20240724000446.jpg",
            "email": "kashmira@gmail.com",
            "created_at": "2024-06-21",
            "is_active": true,
            "is_staff": false
        }
    },
    {
        "model": "authentication.user",
        "pk": 3,
        "fields": {
            "password": "pbkdf2_sha256$720000$rjPRGdoBJFR4twcHIdBODY$gNHXLo2HknQss3DUxbY84hgZskSoYDkDzJIs7jgZn2g=",
            "last_login": "2024-07-29",
            "username": "sagnik",
            "profile_picture_url": null,
            "email": "sagnik@mail.com",
            "created_at": "2024-07-18",
            "is_active": true,
            "is_staff": false
        }
    },
    {
        "model": "authentication.user",
        "pk": 4,
        "fields": {
            "password": "pbkdf2_sha256$720000$soPkMY4ZJlUHMHP6gdc9Ut$nAhqvhrWJGqVY+UiTEf0U+nEUISU+bcYd9dHNkpwTso=",
            "last_login": "2024-08-01",
            "username": "rowdy69",
            "profile_picture_url": null,
            "email": "rowdy@gmail.com",
            "created_at": "2024-08-01",
            "is_active": true,
            "is_staff": false
        }
    },
    {
        "model": "authentication.user",
        "pk": 5,
        "fields": {
            "password": "pbkdf2_sha256$720000$tDvda0fJUFjLKyOHXO3Wbz$v7h3UMGwS9cy54VIZK0FZowrO9dwnIEqLqlGMe+cUrU=",
            "last_login": "2024-08-21",
            "username": "swagnik",
            "profile_picture_url": null,
            "email": "ganguly.swagnik@gmail.com",
            "created_at": "2024-08-04",
            "is_active": true,
            "is_staff": false
        }
    },
    {
        "model": "accounts.follow",
        "pk": 21,
        "fields": {
            "user": 2,
            "following": 1
        }
    },
    {
        "model": "accounts.follow",
        "pk": 23,
        "fields": {
            "user": 3,
            "following": 2
        }
    },
    {
        "model": "accounts.follow",
        "pk": 24,
        "fields": {
            "user": 2,
            "following": 3
        }
    },
    {
        "model": "accounts.follow",
        "pk": 26,
        "fields": {
            "user": 1,
            "following": 3
        }
    },
    {
        "model": "accounts.follow",
        "pk": 27,
        "fields": {
            "user": 1,
            "following": 2
        }
    },
    {
        "model": "accounts.follow",
        "pk": 28,
        "fields": {
            "user": 5,
            "following": 1
        }
    },
    {
        "model": "accounts.userprofile",
        "pk": 1,
        "fields": {
            "user": 1,
            "first_name": "Sagnik",
            "last_name": "Chakraborty",
            "bio": "Bridging the gap between Coding and Music",
            "location": "Bansdroni, Baghajatin, Kolkata, West Bengal, 700047, India",
            "x_link": "",
            "yt_link": "https://www.youtube.com/@sagnify",
            "fb_link": "https://www.facebook.com/sagnify",
            "insta_link": "https://www.instagram.com/sagnifyofficial/",
            "date_of_birth": "2005-08-13"
        }
    },
    {
        "model": "accounts.userprofile",
        "pk": 2,
        "fields": {
            "user": 4,
            "first_name": "Ranveer",
            "last_name": "Rathore",
            "bio": "I am new to this site",
            "location": "Kolkata, West Bengal, India",
            "x_link": "",
            "yt_link": "",
            "fb_link": "",
            "insta_link": "",
            "date_of_birth": "2005-07-01"
        }
    },
    {
        "model": "accounts.userprofile",
        "pk": 3,
        "fields": {
            "user": 5,
            "first_name": "Swagnik",
            "last_name": "Ganguly",
            "bio": "I have no enemies",
            "location": "Kolkata, West Bengal, India",
            "x_link": "",
            "yt_link": "",
            "fb_link": "",
            "insta_link": "",
            "date_of_birth": "2007-06-15"
        }
    }
]